mode,vpa_start,cnt
seq_w,0,2048
up_w,0,2048
seq_w,2048,2048
up_w,2048,2048
seq_w,4096,2048
up_w,4096,2048
seq_w,6144,2048
up_w,6144,2048
seq_w,8192,2048
up_w,8192,2048
seq_w,10240,2048
up_w,10240,2048
seq_w,12288,2048
up_w,12288,2048
seq_w,14336,2048
up_w,14336,2048
seq_w,16384,2048
up_w,16384,2048
seq_w,18432,2048
up_w,18432,2048
seq_w,20480,2048
up_w,20480,2048
seq_w,22528,2048
up_w,22528,2048
seq_w,24576,2048
up_w,24576,2048
seq_w,26624,2048
up_w,26624,2048
seq_w,28672,2048
up_w,28672,2048
seq_w,30720,2048
up_w,30720,2048
seq_w,32768,2048
up_w,32768,2048
seq_w,34816,2048
up_w,34816,2048
seq_w,36864,2048
up_w,36864,2048
seq_w,38912,2048
up_w,38912,2048
seq_w,40960,2048
up_w,40960,2048
seq_w,43008,2048
up_w,43008,2048
seq_w,45056,2048
up_w,45056,2048
seq_w,47104,2048
up_w,47104,2048
seq_w,49152,2048
up_w,49152,2048
seq_w,51200,2048
up_w,51200,2048
seq_w,53248,2048
up_w,53248,2048
seq_w,55296,2048
up_w,55296,2048
seq_w,57344,2048
up_w,57344,2048
seq_w,59392,2048
up_w,59392,2048
seq_w,61440,2048
up_w,61440,2048
seq_w,63488,2048
up_w,63488,2048
seq_w,65536,2048
up_w,65536,2048
seq_w,67584,2048
up_w,67584,2048
seq_w,69632,2048
up_w,69632,2048
seq_w,71680,2048
up_w,71680,2048
seq_w,73728,2048
up_w,73728,2048
seq_w,75776,2048
up_w,75776,2048
seq_w,77824,2048
up_w,77824,2048
seq_w,79872,2048
up_w,79872,2048
seq_w,81920,2048
up_w,81920,2048
seq_w,83968,2048
up_w,83968,2048
seq_w,86016,2048
up_w,86016,2048
seq_w,88064,2048
up_w,88064,2048
seq_w,90112,2048
up_w,90112,2048
seq_w,92160,2048
up_w,92160,2048
seq_w,94208,2048
up_w,94208,2048
seq_w,96256,2048
up_w,96256,2048
seq_w,98304,2048
up_w,98304,2048
seq_w,100352,2048
up_w,100352,2048
seq_w,102400,2048
up_w,102400,2048
seq_w,104448,2048
up_w,104448,2048
seq_w,106496,2048
up_w,106496,2048
seq_w,108544,2048
up_w,108544,2048
seq_w,110592,2048
up_w,110592,2048
seq_w,112640,2048
up_w,112640,2048
seq_w,114688,2048
up_w,114688,2048
seq_w,116736,2048
up_w,116736,2048
seq_w,118784,2048
up_w,118784,2048
seq_w,120832,2048
up_w,120832,2048
seq_w,122880,2048
up_w,122880,2048
seq_w,124928,2048
up_w,124928,2048
seq_w,126976,2048
up_w,126976,2048
seq_w,129024,2048
up_w,129024,2048
seq_w,131072,448
up_w,131072,448
up_w,0,2048
up_w,2048,2048
up_w,4096,2048
up_w,6144,2048
up_w,8192,2048
up_w,10240,2048
up_w,12288,2048
up_w,14336,2048
up_w,16384,2048
up_w,18432,2048
up_w,20480,2048
up_w,22528,2048
up_w,24576,2048
up_w,26624,2048
up_w,28672,2048
up_w,30720,2048
up_w,32768,2048
up_w,34816,2048
up_w,36864,2048
up_w,38912,2048
up_w,40960,2048
up_w,43008,2048
up_w,45056,2048
up_w,47104,2048
up_w,49152,2048
up_w,51200,2048
up_w,53248,2048
up_w,55296,2048
up_w,57344,2048
up_w,59392,2048
up_w,61440,2048
up_w,63488,2048
up_w,65536,2048
up_w,67584,2048
up_w,69632,2048
up_w,71680,2048
up_w,73728,2048
up_w,75776,2048
up_w,77824,2048
up_w,79872,2048
up_w,81920,2048
up_w,83968,2048
up_w,86016,2048
up_w,88064,2048
up_w,90112,2048
up_w,92160,2048
up_w,94208,2048
up_w,96256,2048
up_w,98304,2048
up_w,100352,2048
up_w,102400,2048
up_w,104448,2048
up_w,106496,2048
up_w,108544,2048
up_w,110592,2048
up_w,112640,2048
up_w,114688,2048
up_w,116736,2048
up_w,118784,2048
up_w,120832,2048
up_w,122880,2048
up_w,124928,2048
up_w,126976,2048
up_w,129024,2048
up_w,131072,448
up_w,0,2048
up_w,2048,2048
up_w,4096,2048
up_w,6144,2048
up_w,8192,2048
up_w,10240,2048
up_w,12288,2048
up_w,14336,2048
up_w,16384,2048
up_w,18432,2048
up_w,20480,2048
up_w,22528,2048
up_w,24576,2048
up_w,26624,2048
up_w,28672,2048
up_w,30720,2048
up_w,32768,2048
up_w,34816,2048
up_w,36864,2048
up_w,38912,2048
up_w,40960,2048
up_w,43008,2048
up_w,45056,2048
up_w,47104,2048
up_w,49152,2048
up_w,51200,2048
up_w,53248,2048
up_w,55296,2048
up_w,57344,2048
up_w,59392,2048
up_w,61440,2048
up_w,63488,2048
up_w,65536,2048
up_w,67584,2048
up_w,69632,2048
up_w,71680,2048
up_w,73728,2048
up_w,75776,2048
up_w,77824,2048
up_w,79872,2048
up_w,81920,2048
up_w,83968,2048
up_w,86016,2048
up_w,88064,2048
up_w,90112,2048
up_w,92160,2048
up_w,94208,2048
up_w,96256,2048
up_w,98304,2048
up_w,100352,2048
up_w,102400,2048
up_w,104448,2048
up_w,106496,2048
up_w,108544,2048
up_w,110592,2048
up_w,112640,2048
up_w,114688,2048
up_w,116736,2048
up_w,118784,2048
up_w,120832,2048
up_w,122880,2048
up_w,124928,2048
up_w,126976,2048
up_w,129024,2048
up_w,131072,448
up_w,0,2048
up_w,2048,2048
up_w,4096,2048
up_w,6144,2048
up_w,8192,2048
up_w,10240,2048
up_w,12288,2048
up_w,14336,2048
up_w,16384,2048
up_w,18432,2048
up_w,20480,2048
up_w,22528,2048
up_w,24576,2048
up_w,26624,2048
up_w,28672,2048
up_w,30720,2048
up_w,32768,2048
up_w,34816,2048
up_w,36864,2048
up_w,38912,2048
up_w,40960,2048
